<application>
  <component name="DimensionService">
    <location key="find.popup.0.0.1920.1080" x="870" y="132" />
    <location key="find.popup.-1920.0.1920.1080" x="-1293" y="89" />
    <size key="GridCell.Tab.0.left.0.0.1920.1080" width="1838" height="385" />
    <size key="GridCell.Tab.0.center.0.0.1920.1080" width="1838" height="385" />
    <size key="GridCell.Tab.0.right.0.0.1920.1080" width="1838" height="385" />
    <size key="GridCell.Tab.0.bottom.0.0.1920.1080" width="1838" height="385" />
    <size key="GridCell.Tab.1.left.0.0.1920.1080" width="1838" height="30" />
    <size key="GridCell.Tab.1.center.0.0.1920.1080" width="1838" height="30" />
    <size key="GridCell.Tab.1.right.0.0.1920.1080" width="1838" height="30" />
    <size key="GridCell.Tab.1.bottom.0.0.1920.1080" width="1838" height="30" />
    <size key="GridCell.Tab.2.left.0.0.1920.1080" width="1838" height="30" />
    <size key="GridCell.Tab.2.center.0.0.1920.1080" width="1838" height="30" />
    <size key="GridCell.Tab.2.right.0.0.1920.1080" width="1838" height="30" />
    <size key="GridCell.Tab.2.bottom.0.0.1920.1080" width="1838" height="30" />
    <size key="GridCell.Tab.3.left.0.0.1920.1080" width="1838" height="30" />
    <size key="GridCell.Tab.3.center.0.0.1920.1080" width="1838" height="30" />
    <size key="GridCell.Tab.3.right.0.0.1920.1080" width="1838" height="30" />
    <size key="GridCell.Tab.3.bottom.0.0.1920.1080" width="1838" height="30" />
    <size key="GridCell.Tab.4.left.0.0.1920.1080" width="1838" height="30" />
    <size key="GridCell.Tab.4.center.0.0.1920.1080" width="1838" height="30" />
    <size key="GridCell.Tab.4.right.0.0.1920.1080" width="1838" height="30" />
    <size key="GridCell.Tab.4.bottom.0.0.1920.1080" width="1838" height="30" />
    <size key="find.popup.0.0.1920.1080" width="787" height="659" />
    <size key="GridCell.Tab.0.left.1920.0.1920.1080" width="1838" height="142" />
    <size key="GridCell.Tab.0.center.1920.0.1920.1080" width="1838" height="142" />
    <size key="GridCell.Tab.0.right.1920.0.1920.1080" width="1838" height="142" />
    <size key="GridCell.Tab.0.bottom.1920.0.1920.1080" width="1838" height="142" />
    <size key="GridCell.Tab.0.left.-1920.0.1920.1080" width="1838" height="270" />
    <size key="GridCell.Tab.0.center.-1920.0.1920.1080" width="1838" height="270" />
    <size key="GridCell.Tab.0.right.-1920.0.1920.1080" width="1838" height="270" />
    <size key="GridCell.Tab.0.bottom.-1920.0.1920.1080" width="1838" height="270" />
    <size key="GridCell.Tab.1.left.1920.0.1920.1080" width="1838" height="284" />
    <size key="GridCell.Tab.1.center.1920.0.1920.1080" width="1838" height="284" />
    <size key="GridCell.Tab.1.right.1920.0.1920.1080" width="1838" height="284" />
    <size key="GridCell.Tab.1.bottom.1920.0.1920.1080" width="1838" height="284" />
    <size key="GridCell.Tab.2.left.1920.0.1920.1080" width="1838" height="284" />
    <size key="GridCell.Tab.2.center.1920.0.1920.1080" width="1838" height="284" />
    <size key="GridCell.Tab.2.right.1920.0.1920.1080" width="1838" height="284" />
    <size key="GridCell.Tab.2.bottom.1920.0.1920.1080" width="1838" height="284" />
    <size key="GridCell.Tab.3.left.1920.0.1920.1080" width="1838" height="284" />
    <size key="GridCell.Tab.3.center.1920.0.1920.1080" width="1838" height="284" />
    <size key="GridCell.Tab.3.right.1920.0.1920.1080" width="1838" height="284" />
    <size key="GridCell.Tab.3.bottom.1920.0.1920.1080" width="1838" height="284" />
    <size key="GridCell.Tab.4.left.1920.0.1920.1080" width="1838" height="284" />
    <size key="GridCell.Tab.4.center.1920.0.1920.1080" width="1838" height="284" />
    <size key="GridCell.Tab.4.right.1920.0.1920.1080" width="1838" height="284" />
    <size key="GridCell.Tab.4.bottom.1920.0.1920.1080" width="1838" height="284" />
    <size key="GridCell.Tab.1.left.-1920.0.1920.1080" width="1838" height="275" />
    <size key="GridCell.Tab.1.center.-1920.0.1920.1080" width="1838" height="275" />
    <size key="GridCell.Tab.1.right.-1920.0.1920.1080" width="1838" height="275" />
    <size key="GridCell.Tab.1.bottom.-1920.0.1920.1080" width="1838" height="275" />
    <size key="GridCell.Tab.2.left.-1920.0.1920.1080" width="1838" height="275" />
    <size key="GridCell.Tab.2.center.-1920.0.1920.1080" width="1838" height="275" />
    <size key="GridCell.Tab.2.right.-1920.0.1920.1080" width="1838" height="275" />
    <size key="GridCell.Tab.2.bottom.-1920.0.1920.1080" width="1838" height="275" />
    <size key="GridCell.Tab.3.left.-1920.0.1920.1080" width="1838" height="275" />
    <size key="GridCell.Tab.3.center.-1920.0.1920.1080" width="1838" height="275" />
    <size key="GridCell.Tab.3.right.-1920.0.1920.1080" width="1838" height="275" />
    <size key="GridCell.Tab.3.bottom.-1920.0.1920.1080" width="1838" height="275" />
    <size key="GridCell.Tab.4.left.-1920.0.1920.1080" width="1838" height="275" />
    <size key="GridCell.Tab.4.center.-1920.0.1920.1080" width="1838" height="275" />
    <size key="GridCell.Tab.4.right.-1920.0.1920.1080" width="1838" height="275" />
    <size key="GridCell.Tab.4.bottom.-1920.0.1920.1080" width="1838" height="275" />
    <size key="GridCell.Tab.5.left.0.0.1920.1080" width="1838" height="30" />
    <size key="GridCell.Tab.5.center.0.0.1920.1080" width="1838" height="30" />
    <size key="GridCell.Tab.5.right.0.0.1920.1080" width="1838" height="30" />
    <size key="GridCell.Tab.5.bottom.0.0.1920.1080" width="1838" height="30" />
    <size key="GridCell.Tab.5.left.1920.0.1920.1080" width="1838" height="284" />
    <size key="GridCell.Tab.5.center.1920.0.1920.1080" width="1838" height="284" />
    <size key="GridCell.Tab.5.right.1920.0.1920.1080" width="1838" height="284" />
    <size key="GridCell.Tab.5.bottom.1920.0.1920.1080" width="1838" height="284" />
    <size key="GridCell.Tab.5.left.-1920.0.1920.1080" width="1838" height="275" />
    <size key="GridCell.Tab.5.center.-1920.0.1920.1080" width="1838" height="275" />
    <size key="GridCell.Tab.5.right.-1920.0.1920.1080" width="1838" height="275" />
    <size key="GridCell.Tab.5.bottom.-1920.0.1920.1080" width="1838" height="275" />
    <size key="find.popup.-1920.0.1920.1080" width="708" height="560" />
    <size key="GridCell.Tab.6.left.0.0.1920.1080" width="1838" height="30" />
    <size key="GridCell.Tab.6.center.0.0.1920.1080" width="1838" height="30" />
    <size key="GridCell.Tab.6.right.0.0.1920.1080" width="1838" height="30" />
    <size key="GridCell.Tab.6.bottom.0.0.1920.1080" width="1838" height="30" />
    <size key="GridCell.Tab.6.left.1920.0.1920.1080" width="1838" height="284" />
    <size key="GridCell.Tab.6.center.1920.0.1920.1080" width="1838" height="284" />
    <size key="GridCell.Tab.6.right.1920.0.1920.1080" width="1838" height="284" />
    <size key="GridCell.Tab.6.bottom.1920.0.1920.1080" width="1838" height="284" />
  </component>
  <component name="WindowManager">
    <frame x="-8" y="-8" width="1930" height="1056" extendedState="6" />
  </component>
  <component name="WindowStateApplicationService">
    <state x="552" y="168" key="#com.intellij.openapi.updateSettings.impl.PluginUpdateInfoDialog" timestamp="1734419464774">
      <screen x="0" y="0" width="1920" height="1080" />
    </state>
    <state x="552" y="168" key="#com.intellij.openapi.updateSettings.impl.PluginUpdateInfoDialog/-1920.0.1920.1080/0.0.1920.1080" timestamp="1734419464774" />
    <state width="606" height="183" key="ShowUsagesActions.dimensionServiceKey" timestamp="1735826163064">
      <screen x="0" y="0" width="1920" height="1080" />
    </state>
    <state width="885" height="351" key="ShowUsagesActions.dimensionServiceKey/-1920.0.1920.1080/0.0.1920.1080" timestamp="1734447004322" />
    <state width="606" height="183" key="ShowUsagesActions.dimensionServiceKey/-1920.0.1920.1080/0.0.1920.1080/1920.0.1920.1080" timestamp="1735826163064" />
    <state x="960" y="472" width="800" height="675" key="WELCOME_SCREEN" timestamp="1735898442778">
      <screen x="0" y="0" width="1920" height="1080" />
    </state>
    <state x="960" y="455" width="800" height="650" key="WELCOME_SCREEN/-1920.0.1920.1040/0.0.1920.1040" timestamp="1731654937838" />
    <state x="960" y="455" width="800" height="650" key="WELCOME_SCREEN/-1920.0.1920.1040/0.0.1920.1040/1920.0.1920.1040" timestamp="1732172615089" />
    <state x="960" y="472" width="800" height="675" key="WELCOME_SCREEN/-1920.0.1920.1080/0.0.1920.1080" timestamp="1735898442778" />
    <state x="960" y="472" width="800" height="675" key="WELCOME_SCREEN/-1920.0.1920.1080/0.0.1920.1080/1920.0.1920.1080" timestamp="1735801308299" />
    <state x="960" y="455" width="800" height="650" key="WELCOME_SCREEN/0.0.1920.1040" timestamp="1732000640490" />
    <state x="960" y="472" width="800" height="675" key="WELCOME_SCREEN/0.0.1920.1080" timestamp="1734732020784" />
    <state width="300" height="545" key="manage.recent.projects.popup" timestamp="1735908455168">
      <screen x="0" y="0" width="1920" height="1080" />
    </state>
    <state width="300" height="524" key="manage.recent.projects.popup/-1920.0.1920.1040/0.0.1920.1040" timestamp="1731660079317" />
    <state width="300" height="524" key="manage.recent.projects.popup/-1920.0.1920.1040/0.0.1920.1040/1920.0.1920.1040" timestamp="1732199823569" />
    <state width="300" height="545" key="manage.recent.projects.popup/-1920.0.1920.1080/0.0.1920.1080" timestamp="1735908455168" />
    <state width="300" height="545" key="manage.recent.projects.popup/-1920.0.1920.1080/0.0.1920.1080/1920.0.1920.1080" timestamp="1735830697703" />
    <state width="300" height="524" key="manage.recent.projects.popup/0.0.1920.1040" timestamp="1732002842260" />
  </component>
</application>