<keymap version="1" name="IntelliJ copy" parent="$default">
  <action id="$Undo">
    <keyboard-shortcut first-keystroke="ctrl z" />
  </action>
  <action id="ActivateBuildToolWindow">
    <keyboard-shortcut first-keystroke="ctrl space" second-keystroke="b" />
  </action>
  <action id="ActivateCommitToolWindow">
    <keyboard-shortcut first-keystroke="ctrl space" second-keystroke="c" />
  </action>
  <action id="ActivateDebugToolWindow">
    <keyboard-shortcut first-keystroke="ctrl space" second-keystroke="d" />
  </action>
  <action id="ActivateNuGetToolWindow">
    <keyboard-shortcut first-keystroke="ctrl space" second-keystroke="n" />
  </action>
  <action id="ActivateProblemsViewToolWindow">
    <keyboard-shortcut first-keystroke="ctrl space" second-keystroke="w" />
  </action>
  <action id="ActivateProjectToolWindow">
    <keyboard-shortcut first-keystroke="ctrl space" second-keystroke="e" />
  </action>
  <action id="ActivateRunToolWindow">
    <keyboard-shortcut first-keystroke="ctrl space" second-keystroke="r" />
  </action>
  <action id="ActivateTerminalToolWindow">
    <keyboard-shortcut first-keystroke="ctrl space" second-keystroke="t" />
  </action>
  <action id="ActivateUnitTestsToolWindow">
    <keyboard-shortcut first-keystroke="ctrl space" second-keystroke="u" />
  </action>
  <action id="ActivateVersionControlToolWindow">
    <keyboard-shortcut first-keystroke="ctrl space" second-keystroke="g" />
  </action>
  <action id="Arrangement.Alias.Rule.Match.Condition.Move.Down" />
  <action id="Arrangement.Rule.Edit" />
  <action id="Arrangement.Rule.Group.Condition.Move.Down" />
  <action id="Arrangement.Rule.Group.Condition.Move.Up" />
  <action id="Arrangement.Rule.Match.Condition.Move.Down" />
  <action id="Arrangement.Rule.Match.Condition.Move.Up" />
  <action id="BookmarksView.Rename" />
  <action id="ChangesView.Rename">
    <keyboard-shortcut first-keystroke="shift f6" />
  </action>
  <action id="ChangesView.SetDefault" />
  <action id="ChangesView.ShelveSilently" />
  <action id="CheckinProject">
    <keyboard-shortcut first-keystroke="ctrl g" second-keystroke="c" />
  </action>
  <action id="CloseAllEditorsButActive">
    <keyboard-shortcut first-keystroke="shift f4" second-keystroke="up" />
  </action>
  <action id="CloseAllReadonly">
    <keyboard-shortcut first-keystroke="shift ctrl f4" />
  </action>
  <action id="CloseAllToTheLeft">
    <keyboard-shortcut first-keystroke="shift f4" second-keystroke="left" />
  </action>
  <action id="CloseAllToTheRight">
    <keyboard-shortcut first-keystroke="shift f4" second-keystroke="right" />
  </action>
  <action id="CodeCompletion" />
  <action id="CommentByLineComment">
    <keyboard-shortcut first-keystroke="ctrl number_sign" />
  </action>
  <action id="CompareTwoFiles" />
  <action id="Console.TableResult.EditValue">
    <keyboard-shortcut first-keystroke="enter" />
    <keyboard-shortcut first-keystroke="alt enter" />
  </action>
  <action id="Console.TableResult.GotoReferencedResult">
    <mouse-shortcut keystroke="button1 doubleClick" />
    <keyboard-shortcut first-keystroke="enter" />
    <keyboard-shortcut first-keystroke="alt enter" />
  </action>
  <action id="Console.TableResult.NextPage" />
  <action id="Console.TableResult.PreviousPage" />
  <action id="ContextHelp" />
  <action id="CopyElement" />
  <action id="Debug">
    <keyboard-shortcut first-keystroke="shift f5" />
  </action>
  <action id="Docker.RemoteServers.EditServerConfig" />
  <action id="EditBreakpoint">
    <keyboard-shortcut first-keystroke="ctrl d" second-keystroke="e" />
  </action>
  <action id="EditSourceInNewWindow" />
  <action id="EditorCloneCaretAbove">
    <keyboard-shortcut first-keystroke="ctrl alt up" />
  </action>
  <action id="EditorCloneCaretBelow">
    <keyboard-shortcut first-keystroke="ctrl alt down" />
  </action>
  <action id="EditorCodeBlockEnd">
    <keyboard-shortcut first-keystroke="ctrl end" />
  </action>
  <action id="EditorCodeBlockEndWithSelection">
    <keyboard-shortcut first-keystroke="shift ctrl end" />
  </action>
  <action id="EditorCodeBlockStart">
    <keyboard-shortcut first-keystroke="ctrl home" />
  </action>
  <action id="EditorCodeBlockStartWithSelection">
    <keyboard-shortcut first-keystroke="shift ctrl home" />
  </action>
  <action id="EditorDeleteLine">
    <keyboard-shortcut first-keystroke="ctrl l" second-keystroke="back_space" />
    <keyboard-shortcut first-keystroke="alt back_space" />
  </action>
  <action id="EditorDuplicate">
    <keyboard-shortcut first-keystroke="ctrl l" second-keystroke="d" />
  </action>
  <action id="EditorDuplicateLines">
    <keyboard-shortcut first-keystroke="alt d" />
  </action>
  <action id="EditorSelectLine">
    <keyboard-shortcut first-keystroke="ctrl l" second-keystroke="s" />
  </action>
  <action id="EditorSelectSingleLineAtCaret">
    <keyboard-shortcut first-keystroke="ctrl l" second-keystroke="l" />
  </action>
  <action id="EditorTextEnd" />
  <action id="EditorTextEndWithSelection" />
  <action id="EditorTextStart" />
  <action id="EditorTextStartWithSelection" />
  <action id="ExpandCollapseToggleAction">
    <keyboard-shortcut first-keystroke="f1" />
  </action>
  <action id="ExpressionTypeInfo" />
  <action id="ExternalSystem.ProjectRefreshAction" />
  <action id="FileChooser.GotoDesktop" />
  <action id="FileStructurePopup" />
  <action id="Find">
    <keyboard-shortcut first-keystroke="ctrl f" />
  </action>
  <action id="FindNext">
    <keyboard-shortcut first-keystroke="f3" />
  </action>
  <action id="FindPrevious">
    <keyboard-shortcut first-keystroke="shift f3" />
  </action>
  <action id="FocusEditor">
    <keyboard-shortcut first-keystroke="escape" />
    <keyboard-shortcut first-keystroke="ctrl space" second-keystroke="space" />
  </action>
  <action id="Generate.Missing.Members.ES6" />
  <action id="Generate.Missing.Members.TypeScript" />
  <action id="Git.Branches">
    <keyboard-shortcut first-keystroke="ctrl g" second-keystroke="b" />
  </action>
  <action id="Git.Commit.And.Push.Executor" />
  <action id="Git.Commit.Stage">
    <keyboard-shortcut first-keystroke="ctrl g" second-keystroke="c" />
  </action>
  <action id="Git.CreateNewBranch">
    <keyboard-shortcut first-keystroke="ctrl g" second-keystroke="n" />
  </action>
  <action id="Git.Fetch">
    <keyboard-shortcut first-keystroke="ctrl g" second-keystroke="f" />
  </action>
  <action id="Git.Pull">
    <keyboard-shortcut first-keystroke="ctrl g" second-keystroke="l" />
  </action>
  <action id="Git.Rename.Local.Branch">
    <keyboard-shortcut first-keystroke="shift f6" />
  </action>
  <action id="Git.Reword.Commit">
    <keyboard-shortcut first-keystroke="shift f6" />
  </action>
  <action id="GotoDeclaration">
    <mouse-shortcut keystroke="control button1" />
    <mouse-shortcut keystroke="button2" />
    <keyboard-shortcut first-keystroke="ctrl i" second-keystroke="d" />
    <keyboard-shortcut first-keystroke="ctrl f12" />
  </action>
  <action id="GotoImplementation">
    <mouse-shortcut keystroke="control alt button1" />
    <keyboard-shortcut first-keystroke="ctrl f12" />
    <keyboard-shortcut first-keystroke="ctrl i" second-keystroke="i" />
  </action>
  <action id="GotoLine">
    <keyboard-shortcut first-keystroke="ctrl j" />
  </action>
  <action id="GotoNextError" />
  <action id="GotoRow" />
  <action id="GotoTest" />
  <action id="GotoTypeDeclaration">
    <mouse-shortcut keystroke="shift control button1" />
    <keyboard-shortcut first-keystroke="ctrl i" second-keystroke="t" />
  </action>
  <action id="Graph.ApplyCurrentLayout" />
  <action id="Graph.RouteEdges" />
  <action id="Images.EditExternally" />
  <action id="ImplementMethods" />
  <action id="InsertLiveTemplate" />
  <action id="JumpToLastWindow">
    <keyboard-shortcut first-keystroke="shift ctrl space" />
  </action>
  <action id="JumpToStatement" />
  <action id="MethodDown" />
  <action id="MethodHierarchy" />
  <action id="MethodHierarchy.BaseOnThisMethod" />
  <action id="MethodUp" />
  <action id="MoveLineDown">
    <keyboard-shortcut first-keystroke="alt down" />
  </action>
  <action id="MoveLineUp">
    <keyboard-shortcut first-keystroke="alt up" />
  </action>
  <action id="MoveStatementDown">
    <keyboard-shortcut first-keystroke="shift alt down" />
  </action>
  <action id="MoveStatementUp">
    <keyboard-shortcut first-keystroke="shift alt up" />
  </action>
  <action id="NextOccurence" />
  <action id="OverrideMethods" />
  <action id="ParameterInfo">
    <keyboard-shortcut first-keystroke="ctrl i" second-keystroke="p" />
  </action>
  <action id="ParameterInfo.GoToPreviousSignature" />
  <action id="PreviousOccurence" />
  <action id="QuickImplementations">
    <keyboard-shortcut first-keystroke="shift ctrl i" second-keystroke="d" />
  </action>
  <action id="QuickJavaDoc">
    <keyboard-shortcut first-keystroke="ctrl q" />
    <mouse-shortcut keystroke="alt button2" />
    <keyboard-shortcut first-keystroke="ctrl context_menu" />
  </action>
  <action id="QuickTypeDefinition">
    <keyboard-shortcut first-keystroke="shift ctrl i" second-keystroke="t" />
  </action>
  <action id="ReSharperGotoNextErrorInSolution">
    <keyboard-shortcut first-keystroke="alt page_down" />
  </action>
  <action id="ReSharperGotoPrevErrorInSolution">
    <keyboard-shortcut first-keystroke="alt page_up" />
  </action>
  <action id="RenameElement">
    <keyboard-shortcut first-keystroke="f2" />
  </action>
  <action id="Replace">
    <keyboard-shortcut first-keystroke="ctrl h" />
  </action>
  <action id="ReplaceInPath">
    <keyboard-shortcut first-keystroke="shift ctrl h" />
  </action>
  <action id="RiderManageRecentProjects">
    <keyboard-shortcut first-keystroke="ctrl o" second-keystroke="s" />
  </action>
  <action id="RiderNuGetInstallPackageAction">
    <keyboard-shortcut first-keystroke="insert" />
  </action>
  <action id="RiderNuGetRemovePackageAction">
    <keyboard-shortcut first-keystroke="back_space" />
  </action>
  <action id="RiderNuGetToggleDependenciesExpanderAction" />
  <action id="RiderNuGetToggleInfoExpanderAction" />
  <action id="RiderNuGetUpgradeAction">
    <keyboard-shortcut first-keystroke="ctrl u" />
  </action>
  <action id="RiderOpenSolution">
    <keyboard-shortcut first-keystroke="ctrl o" second-keystroke="f" />
  </action>
  <action id="RiderProjectDiagramApplyCurrentLayout" />
  <action id="RiderRemoveAllLineBreakpoints">
    <keyboard-shortcut first-keystroke="ctrl d" second-keystroke="back_space" />
  </action>
  <action id="RiderTypeHierarchy.BaseOnThisType" />
  <action id="RiderUnitTestDebugContextAction">
    <keyboard-shortcut first-keystroke="shift ctrl t" second-keystroke="d" />
  </action>
  <action id="RiderUnitTestDebugContextTwAction" />
  <action id="RiderUnitTestRunContextAction">
    <keyboard-shortcut first-keystroke="shift ctrl t" second-keystroke="r" />
  </action>
  <action id="RiderUnitTestRunContextTwAction">
    <keyboard-shortcut first-keystroke="ctrl t" second-keystroke="s" />
  </action>
  <action id="RiderUnitTestRunSolutionAction">
    <keyboard-shortcut first-keystroke="ctrl t" second-keystroke="r" />
  </action>
  <action id="RiderUnitTestRunSolutionTwAction">
    <keyboard-shortcut first-keystroke="ctrl t" second-keystroke="r" />
  </action>
  <action id="RiderUnitTestRunTreeSplitAction">
    <keyboard-shortcut first-keystroke="ctrl t" second-keystroke="a" />
  </action>
  <action id="RiderUnitTestSessionRerunFailedTestsAction">
    <keyboard-shortcut first-keystroke="ctrl t" second-keystroke="f" />
  </action>
  <action id="Run">
    <keyboard-shortcut first-keystroke="f5" />
  </action>
  <action id="RunDashboard.EditConfiguration" />
  <action id="RunDashboard.Run" />
  <action id="RunToCursor">
    <keyboard-shortcut first-keystroke="f12" />
  </action>
  <action id="RunToolbarResumeAction">
    <keyboard-shortcut first-keystroke="f8" />
  </action>
  <action id="SendEOF" />
  <action id="ServiceView.ShowServices" />
  <action id="ShelvedChanges.Rename">
    <keyboard-shortcut first-keystroke="shift f6" />
  </action>
  <action id="ShowBlankDiffWindow">
    <keyboard-shortcut first-keystroke="ctrl g" second-keystroke="w" />
  </action>
  <action id="ShowBookmarks" />
  <action id="ShowContent" />
  <action id="ShowErrorDescription">
    <keyboard-shortcut first-keystroke="ctrl i" second-keystroke="e" />
  </action>
  <action id="ShowSearchHistory" />
  <action id="ShowUsages">
    <keyboard-shortcut first-keystroke="ctrl i" second-keystroke="u" />
  </action>
  <action id="SmartTypeCompletion" />
  <action id="StepInto">
    <keyboard-shortcut first-keystroke="f11" />
  </action>
  <action id="StepOut">
    <keyboard-shortcut first-keystroke="shift f11" />
  </action>
  <action id="StepOver">
    <keyboard-shortcut first-keystroke="f10" />
  </action>
  <action id="Stop">
    <keyboard-shortcut first-keystroke="alt f5" />
  </action>
  <action id="SwitchHeaderSource" />
  <action id="Table-selectFirstRow" />
  <action id="Table-startEditing" />
  <action id="Terminal.ClearBuffer" />
  <action id="Terminal.NewTab" />
  <action id="ToggleBookmark" />
  <action id="ToggleLineBreakpoint">
    <keyboard-shortcut first-keystroke="ctrl d" second-keystroke="b" />
  </action>
  <action id="ToggleTemporaryLineBreakpoint">
    <keyboard-shortcut first-keystroke="ctrl d" second-keystroke="t" />
  </action>
  <action id="Tree-selectFirst" />
  <action id="Tree-selectLastExtendSelection" />
  <action id="Tree-startEditing" />
  <action id="TurnOffF10WinShortcut" />
  <action id="TypeHierarchy" />
  <action id="TypeHierarchyBase.BaseOnThisType" />
  <action id="UsageFiltering.Imports" />
  <action id="UsageView.ShowRecentFindUsages" />
  <action id="Vcs.Log.FocusTextFilter" />
  <action id="Vcs.Push">
    <keyboard-shortcut first-keystroke="ctrl g" second-keystroke="p" />
  </action>
  <action id="Vcs.UpdateProject" />
  <action id="XDebugger.JumpToTypeSource" />
  <action id="XDebugger.SetValue" />
  <action id="org.intellij.plugins.markdown.ui.actions.styling.ToggleItalicAction" />
  <action id="sql.SelectCurrentStatement">
    <keyboard-shortcut first-keystroke="shift ctrl l" />
  </action>
</keymap>